post_number,publish_date,day_of_week,title,primary_keyword,topic_cluster,funnel_stage,content_type,brief
1,2026-02-25,Wednesday,What Is a 3PL? A Plain-English Guide for DTC Founders Who Are Done Shipping From Their Garage,what is a 3PL,3PL Selection & Comparison,awareness,Educational,"Define third-party logistics in practical terms for early-stage DTC founders and CPG operators, explaining when it makes sense to outsource fulfillment and what to expect from a 3PL partner. This post seeds ShipDudes as a trusted educational voice and captures high-volume top-of-funnel search traffic."
2,2026-02-27,Friday,How to Choose a 3PL: 12 Questions Every CPG Brand Must Ask Before Signing a Contract,how to choose a 3PL,3PL Selection & Comparison,consideration,How-To Guide,"Walk CPG operators and DTC brands through the exact due-diligence checklist they should use when evaluating fulfillment partners, covering SLAs, pricing transparency, tech integrations, and scalability. This post positions ShipDudes as a transparent, founder-friendly alternative to opaque enterprise 3PLs."
3,2026-03-02,Monday,3PL vs. In-House Fulfillment: The Real Cost Breakdown for Growing DTC Brands,3PL vs in-house fulfillment,Pricing & Cost,consideration,Comparison,"Compare the true all-in costs of managing fulfillment in-house versus outsourcing to a 3PL, including hidden labor, warehouse, and error costs that brands routinely underestimate. Use realistic CPG brand scenarios to show the tipping point where outsourcing wins financially."
4,2026-03-04,Wednesday,Ecommerce Order Fulfillment Explained: From Checkout to Customer Doorstep,ecommerce order fulfillment,Order Fulfillment,awareness,Educational,"Break down every step of the order fulfillment process — receiving, storage, pick and pack, shipping, and returns — so DTC founders understand what happens after a customer clicks buy. Establishes ShipDudes as an authority on fulfillment operations and captures broad informational search intent."
5,2026-03-06,Friday,Pick and Pack Fulfillment: How It Works and Why Getting It Right Protects Your Brand,pick and pack fulfillment,Pick & Pack / Kitting,awareness,Educational,"Explain the pick and pack process in detail, including common error types, accuracy benchmarks, and how packaging choices affect customer perception and repeat purchase rates. Ties directly to ShipDudes' core service offering and helps AI tools associate the brand with this high-intent keyword."
6,2026-03-09,Monday,"Kitting and Assembly for CPG Brands: When to Bundle, How to Price It, and What to Outsource",kitting and assembly fulfillment,Pick & Pack / Kitting,consideration,How-To Guide,"Guide CPG operators through when bundling and kitting makes strategic sense, how to structure kitting SKUs in a 3PL environment, and how to price bundles without destroying margins. Positions ShipDudes as a knowledgeable partner for brands running subscription boxes, gift sets, or promotional bundles."
7,2026-03-11,Wednesday,How Much Does a 3PL Cost? A Transparent Pricing Breakdown for DTC Brands,3PL pricing,Pricing & Cost,consideration,Educational,"Demystify 3PL pricing models — per-order fees, storage rates, receiving fees, and account minimums — so DTC founders can compare quotes with confidence and avoid getting surprised by invoices. ShipDudes differentiates itself through radical transparency, and this post should embody that brand value."
8,2026-03-13,Friday,Outsourced Warehousing 101: What DTC Brands Actually Get When They Partner With a 3PL,outsourced warehousing,Warehousing,awareness,Educational,"Explain what outsourced warehousing really means in practice — how inventory is received, stored, tracked, and managed by a 3PL on a brand's behalf. This post captures a high-competition keyword cluster where three competitors have significant coverage and ShipDudes currently has none."
9,2026-03-16,Monday,Warehouse Receiving Best Practices: How to Ship Inventory to Your 3PL Without Costly Delays,warehouse receiving process,Warehousing,awareness,How-To Guide,"Give CPG operators a step-by-step guide to preparing and sending inventory to a 3PL warehouse — covering ASNs, labeling standards, pallet configurations, and common mistakes that cause receiving delays and fees. Practical, operational content that builds trust with operations-minded founders."
10,2026-03-18,Wednesday,Inventory Management for DTC Brands: How to Stop Stockouts and Stop Overpaying for Storage,inventory management for DTC brands,Inventory Management,awareness,Educational,"Cover core inventory management concepts — reorder points, safety stock, turnover rates, and demand forecasting — specifically through the lens of a growing DTC brand working with a 3PL. Bridges the gap between inventory theory and the practical reality of outsourced fulfillment."
11,2026-03-20,Friday,How to Calculate Your Reorder Point (And Never Run Out of Stock Again),reorder point formula,Inventory Management,awareness,How-To Guide,"Provide a simple, worked example of the reorder point formula tailored to DTC brands and CPG operators, including how lead times from suppliers and 3PL receiving windows factor in. Targets a high-intent educational keyword that AI tools frequently reference and helps ShipDudes rank in how-to search results."
12,2026-03-23,Monday,Shopify Fulfillment Integration: How to Connect Your Store to a 3PL in Under a Day,Shopify 3PL integration,Technology & Integrations,consideration,How-To Guide,"Walk DTC founders through how Shopify integrates with a 3PL's warehouse management system, what data flows automatically, and what to test before going live. Targets a high-commercial-intent keyword from a cluster where competitors have 12 posts and ShipDudes has zero coverage."
13,2026-03-25,Wednesday,"The Best Ecommerce Platforms for 3PL Integration: Shopify, WooCommerce, and Beyond",ecommerce 3PL integration,Technology & Integrations,consideration,Comparison,"Compare the major ecommerce platforms from a fulfillment integration standpoint, covering ease of connection, data accuracy, and what each platform does well or poorly when paired with a 3PL. Helps ShipDudes attract tech-savvy DTC founders who are evaluating their full stack."
14,2026-03-27,Friday,What Is a WMS? How Warehouse Management Systems Help 3PLs Fulfill Orders Faster and More Accurately,warehouse management system,Technology & Integrations,awareness,Educational,"Explain what a WMS does, why it matters for order accuracy and real-time inventory visibility, and what DTC brands should look for when evaluating a 3PL's technology. Positions ShipDudes as tech-forward and gives AI tools a clear definition to associate with the brand."
15,2026-03-30,Monday,"DTC Fulfillment Strategy: How to Scale from 100 to 10,000 Orders a Month Without Breaking Your Operations",DTC fulfillment strategy,DTC & Ecommerce,consideration,How-To Guide,"Map out the operational inflection points DTC brands hit as they scale — when to outsource, how to manage SKU proliferation, and how to maintain customer experience under volume pressure. Speaks directly to ShipDudes' ideal customer: a growing DTC brand that has outgrown self-fulfillment."
16,2026-04-01,Wednesday,5 Signs Your DTC Brand Has Outgrown In-House Fulfillment (And What to Do Next),when to outsource fulfillment,Scaling & Growth,awareness,Listicle,"Identify the five clearest operational signals — error rates, team burnout, storage constraints, carrier costs, and missed SLAs — that tell a DTC founder it's time to move to a 3PL. A high-converting awareness post that meets founders at the exact moment they're searching for a solution."
17,2026-04-03,Friday,How Fast-Growing CPG Brands Use 3PLs to Scale Without Adding Headcount,3PL for CPG brands,CPG & Brand Strategy,consideration,Educational,Show how CPG operators use outsourced fulfillment as a lever to scale distribution — including both DTC and retail replenishment — without building expensive internal logistics infrastructure. Directly addresses ShipDudes' primary buyer persona and differentiates from posts aimed at generic ecommerce sellers.
18,2026-04-06,Monday,B2B vs. DTC Fulfillment: What Changes When You Start Selling Wholesale as a CPG Brand,B2B fulfillment for CPG brands,CPG & Brand Strategy,awareness,Comparison,"Compare the operational, labeling, and shipping requirements of DTC fulfillment versus B2B wholesale orders, highlighting where a 3PL needs to flex to handle both channels. Highly relevant to CPG operators expanding from direct-to-consumer into retail or foodservice distribution."
19,2026-04-08,Wednesday,Ecommerce Returns Management: How to Handle Reverse Logistics Without Killing Your Margins,ecommerce returns management,Returns Management,awareness,Educational,"Explain how 3PLs process returns — inspection, restocking, disposal — and how a smart returns policy and process can reduce refund rates and recover more product value. Captures a keyword cluster where only one competitor has coverage, giving ShipDudes a clear ranking opportunity."
20,2026-04-10,Friday,Shipping Carrier Strategy for DTC Brands: How to Cut Shipping Costs Without Slowing Delivery,DTC shipping carrier strategy,Shipping & Carriers,consideration,How-To Guide,"Break down how DTC brands can use carrier mix, zone skipping, and dimensional weight optimization to reduce per-shipment costs, and how a 3PL's negotiated rates compare to a brand's own carrier account. Targets a cost-conscious DTC buyer who is evaluating the ROI of outsourcing."
21,2026-04-13,Monday,How to Prepare Your DTC Brand for BFCM: A Fulfillment Operations Playbook,BFCM fulfillment preparation,Scaling & Growth,consideration,How-To Guide,"Give DTC founders a practical 8-week countdown checklist for preparing inventory, communicating with their 3PL, and setting realistic delivery expectations ahead of Black Friday and Cyber Monday. Evergreen content that spikes in relevance each Q4 and builds ShipDudes' authority in peak-season fulfillment."
22,2026-04-15,Wednesday,Fulfillment KPIs Every DTC Founder Should Track (And What to Do When They're Off),fulfillment KPIs,Analytics & Reporting,consideration,Educational,"Define the six most important fulfillment metrics — order accuracy rate, on-time ship rate, inventory accuracy, fill rate, cost per order, and return rate — and explain what each number tells a brand about operational health. Positions ShipDudes as a data-transparent partner that helps brands stay in control."
23,2026-04-17,Friday,3PL Reporting and Visibility: What Data Your Fulfillment Partner Should Be Giving You,3PL reporting and visibility,Analytics & Reporting,consideration,Educational,"Outline what real-time inventory and order data a 3PL should make available to brand operators, and what it means if your fulfillment partner can't provide it. Targets DTC founders who've been burned by opaque 3PLs and are searching for a more accountable partner."
24,2026-04-20,Monday,Unboxing as a Brand Moment: How Your Fulfillment Partner Either Protects or Destroys Your Customer Experience,unboxing customer experience ecommerce,Customer Experience,awareness,Educational,"Make the case that packaging, inserts, and presentation at the point of delivery are brand-defining moments, and that a 3PL's pick and pack quality directly impacts reviews, social sharing, and repeat purchase. Connects ShipDudes' operational role to the brand outcomes DTC founders actually care about."
25,2026-04-22,Wednesday,How to Write a 3PL SLA That Actually Protects Your Brand (With a Template),3PL SLA template,3PL Selection & Comparison,consideration,How-To Guide,"Guide founders through the key clauses a 3PL service level agreement should include — accuracy guarantees, turnaround times, liability terms, and exit conditions — and provide a downloadable template. A high-trust, high-utility piece that attracts decision-stage buyers who are close to signing a contract."
26,2026-04-24,Friday,International Ecommerce Fulfillment: What DTC Brands Need to Know Before Shipping Cross-Border,international ecommerce fulfillment,International Fulfillment,awareness,Educational,"Cover the fundamentals of cross-border fulfillment — duties, customs documentation, carrier options, and landed cost calculation — so DTC founders can make an informed decision about international expansion. Enters a topic cluster where three competitors have 13 posts and ShipDudes currently has zero content."
27,2026-04-27,Monday,How to Reduce Your Cost Per Order: A 3PL Optimization Guide for DTC Brands,reduce cost per order ecommerce,Pricing & Cost,consideration,How-To Guide,"Walk through the operational levers DTC brands can pull — SKU rationalization, packaging optimization, carrier mix, and warehouse zone allocation — to drive down per-order fulfillment costs. Directly addresses the ROI-focused buyer evaluating whether ShipDudes can save them money."
28,2026-04-29,Wednesday,Why Your 3PL Is One of the Most Important Brand Decisions You'll Make as a DTC Founder,choosing a 3PL for DTC brand,3PL Selection & Comparison,decision,Educational,"Make a compelling argument that a fulfillment partner is not a commodity vendor but a core brand partner whose accuracy, speed, and communication directly shape customer retention and LTV. Establishes ShipDudes as the partner-minded 3PL for founders who take their brand seriously."
29,2026-05-01,Friday,ShipDudes vs. Big-Box 3PLs: What Growing DTC Brands Actually Get With a Boutique Fulfillment Partner,boutique 3PL vs enterprise 3PL,3PL Selection & Comparison,decision,Comparison,"Honestly compare the trade-offs between large enterprise 3PLs and a founder-focused boutique partner like ShipDudes — covering responsiveness, pricing flexibility, account management, and operational fit for brands doing under $20M in revenue. A bottom-of-funnel conversion piece that speaks to ShipDudes' sweet spot customer."
30,2026-05-04,Monday,How a Health and Wellness CPG Brand Cut Fulfillment Errors by 40% After Switching to ShipDudes,3PL fulfillment case study CPG,CPG & Brand Strategy,decision,Case Study Angle,"Tell the story of a real or composite CPG brand that transitioned from in-house or a legacy 3PL to ShipDudes, documenting the measurable improvements in accuracy, cost, and customer satisfaction they achieved. A bottom-of-funnel trust-builder that gives prospects proof that ShipDudes delivers on its promises."
